<?xml version="1.0" encoding="UTF-8"?>
<project-private xmlns="http://www.netbeans.org/ns/project-private/1">
    <editor-bookmarks xmlns="http://www.netbeans.org/ns/editor-bookmarks/2" lastBookmarkId="0"/>
    <open-files xmlns="http://www.netbeans.org/ns/projectui-open-files/2">
        <group>
            <file>file:/C:/programming/New%20folder/Event-Management-MiniProject-master/btree_proj/Event/src/wheel/Wheel.java</file>
            <file>file:/C:/programming/New%20folder/Event-Management-MiniProject-master/btree_proj/Event/src/wheel/display.java</file>
            <file>file:/C:/programming/New%20folder/Event-Management-MiniProject-master/btree_proj/Event/src/wheel/displayTraversal.java</file>
            <file>file:/C:/programming/New%20folder/Event-Management-MiniProject-master/btree_proj/Event/src/wheel/insert.java</file>
            <file>file:/C:/programming/New%20folder/Event-Management-MiniProject-master/btree_proj/Event/src/wheel/home.java</file>
            <file>file:/C:/programming/New%20folder/Event-Management-MiniProject-master/btree_proj/Event/src/wheel/search.java</file>
            <file>file:/C:/programming/New%20folder/Event-Management-MiniProject-master/btree_proj/Event/src/wheel/searchresult.java</file>
            <file>file:/C:/programming/New%20folder/Event-Management-MiniProject-master/btree_proj/Event/src/wheel/login.java</file>
        </group>
    </open-files>
</project-private>
